{
	"name": "ev3lessons-beginner",
	"title": "EV3Lessons - Beginner's Course",
	"subtitle": "Programming Lessons for Beginners",
	"licence": "http://creativecommons.org/licenses/by-nc-sa/4.0/",
	"description": "These lessons are for students new to the EV3",
	"imageName": "ev3lessons.com-beginner.jpg",
	"sections": 
	[
		{
			"title": "Introduction",
			"description": "Introduction to EV3lessons and Lego EV3 Brick", 
			"lessons":
			[
				{
					"title": "How to use these lessons",
					"description": "", 
					"content": {
						"type": "pdf",
						"content": {
							"file": "LessonUse.pdf"
						}
					}
				},
				{
					"title": "Introduction to Brick and Software",
					"description": "",
					"imageName": "ev3lessons-software.png",
					"content": {
						"type": "pdf",
						"content": {
							"file": "Introduction.pdf"
						}
					},
					"attachments": [
						{
							"type": "pdf",
							"title": "Quick Guide",
							"description": "Edu vs. Home Edition Software",
							"content": {
								"url": "http://localhost:8080/lms/upload/translations/en-us/beginner/Introduction.pdf"
							}
						}
					]
				},
				{
					"title": "Port View",
					"description": "",
					"imageName": "ev3lessons-portview.png",
					"content": {
						"type": "pdf",
						"content": {
							"file": "PortView.pdf"
						}
					}
				}
			]
		},
		{
			"title": "Movement",
			"description": "", 
			"lessons":
			[
				{
					"title": "Moving Straight",
					"description": "<a href='http://localhost:8080/lms/upload/translations/en-us/beginner/MovingStraight.pdf'>Download PDF</a>. For Presentation you can download a <a href='http://localhost:8080/lms/upload/translations/en-us/beginner/MovingStraight.pptx'>PowerPoint&nbsp; Presentation</a> as well",
					"imageName": "moving-straight.png",
					"content": {
						"type": "pdf",
						"content": {
							"file": "MovingStraight.pdf"
						}
					}
				},
				{
					"title": "Pseudocode",
					"description": "",
					"imageName": "pseudocode.png",
					"content": {
						"type": "pdf",
						"content": {
							"file": "Pseudocode.pdf"
						}
					}
				},
				{
					"title": "Basic Turning",
					"description": "",
					"imageName": "basic-turning.png",
					"content": {
						"type": "pdf",
						"content": {
							"file": "Turning.pdf"
						}
					}
				}
			]
		},
		{
			"title": "Graphics and Sound",
			"description": "", 
			"lessons":
			[
				{
					"title": "Displaying Text and Graphics",
					"description": "",
					"content": {
						"type": "pdf",
						"content": {
							"file": "Display.pdf"
						}
					}
				},
				{
					"title": "Custom Images and Sounds",
					"description": "",
					"imageName": "sound.png",
					"content": {
						"type": "pdf",
						"content": {
							"file": "CustomImagesSounds.pdf"
						}
					}
				}
			]
		},
		{
			"title": "Sensors",
			"description": "", 
			"lessons":
			[
				{
					"title": "Introduction to Touch Sensor",
					"description": "",
					"imageName": "touch.png",
					"content": {
						"type": "pdf",
						"content": {
							"file": "Touch.pdf"
						}
					}
				},
				{
					"title": "Introduction to Color Sensor",
					"description": "",
					"imageName": "color.png",
					"content": {
						"type": "pdf",
						"content": {
							"file": "Color.pdf"
						}
					}
				}
			]
		},
		{
			"title": "Blocks",
			"description": "", 
			"lessons":
			[

				{
					"title": "Loops",
					"description": "",
					"imageName": "loops.png",
					"content": {
						"type": "pdf",
						"content": {
							"file": "Loops.pdf"
						}
					}
				},
				{
					"title": "Switches",
					"description": "",
					"imageName": "switches.png",
					"content": {
						"type": "pdf",
						"content": {
							"file": "Switches.pdf"
						}
					}
				},
				{
					"title": "Importing Additional LEGO Blocks",
					"description": "",
					"imageName": "import.png",
					"content": {
						"type": "pdf",
						"content": {
							"file": "ImportingBlocks.pdf"
						}
					}
				},
				{
					"title": "Sound Block",
					"description": "",
					"imageName": "sound.png",
					"content": {
						"type": "pdf",
						"content": {
							"file": "SoundBlock.pdf"
						}
					}
				}
			]
		},
		{
			"title": "More Sensors",
			"description": "", 
			"lessons":
			[

				{
					"title": "Introduction to Sound Sensor",
					"description": "",
					"content": {
						"type": "pdf",
						"content": {
							"file": "SoundSensor.pdf"
						}
					}
				},
				{
					"title": "Introduction to Ultrasonic Sensor",
					"description": "",
					"content": {
						"type": "pdf",
						"content": {
							"file": "Ultrasonic.pdf"
						}
					}
				}
			]
		},
		{
			"title": "More Movement",
			"description": "", 
			"lessons":
			[
				{
					"title": "Basic Line Follower",
					"description": "",
					"content": {
						"type": "pdf",
						"content": {
							"file": "BasicLineFollower.pdf"
						}
					}
				},				{
					"title": "Moving an Object",
					"description": "",
					"content": {
						"type": "pdf",
						"content": {
							"file": "MoveObject.pdf"
						}
					}
				},
				{
					"title": "Final Challenge",
					"description": "",
					"content": {
						"type": "pdf",
						"content": {
							"file": "FinalChallenge.pdf"
						}
					}
				}
			]
		}		
	]
}